"","column","score","contig_impact_score","accuracy"
"1","score",1,0.640919670613703,0.718644601514738
"2","contig_impact_score",0.640919670613703,1,0.355492158980889
"3","accuracy",0.718644601514738,0.355492158980889,1
